,Time,,,,Range,,,,VSM,Duration,Description
Cantrips,,,,,,,,,,,
Mage Hand,1 action,,,,30ft,,,,"V, S",1 minute,
Chill Touch,,,,,,,,,,,
Guidance,,,,,,,,,,,
Shillelagh,,,,,,,,,,,
Thunderclap,,,,,,,,,,,
,,,,,,,,,,,
10 Druid - 6 Ranger,,,,,,,,,,,
,,,,,,,,,,,
1st Level Druid,,,,,,,,,,,
Detect Magic,,,,,,,,,,,
Disguise Self,,,,,,,,,,,
Absorb Elements,Reaction,,,, Self,,,,S,1 Round,Lorem IpsumLorem IpsumLorem IpsumLorem IpsumLorem IpsumLorem IpsumLorem IpsumLorem IpsumLorem IpsumLorem IpsumLorem IpsumLorem IpsumLorem IpsumLorem Ipsum
Animal Friendship,,,,,,,,,,,
Beast Bond,,,,,,,,,,,
Charm Person,,,,,,,,,,,
Create or Destroy Water,,,,,,,,,,,
Cure Wounds,,,,,,,,,,,
Detect Poison and Disease,,,,,,,,,,,
Earth Tremor,,,,,,,,,,,
Entangle,,,,,,,,,,,
Faerie Fire,,,,,,,,,,,
Fog Cloud,,,,,,,,,,,
Goodberry,,,,,,,,,,,
Guiding Hand,,,,,,,,,,,
Healing Word,,,,,,,,,,,
Ice Knife,,,,,,,,,,,
Jump,,,,,,,,,,,
Longstrider,,,,,,,,,,,
Protection from Evil and Good,,,,,,,,,,,
Purify Food and Drink,,,,,,,,,,,
Snare,,,,,,,,,,,
Speak with Animals,,,,,,,,,,,
Thunderwave,,,,,,,,,,,
Wild Cunning,,,,,,,,,,,
,,,,,,,,,,,
1st Level Ranger,,,,,,,,,,,
Faerie Fire,A,,,,60ft,,,,V,"Concentration up to 1 minute",
Hunter's Mark,BA,,,,90ft,,,,V,"Concentration up to 1 hour",
Absorb Elements,RA,,,,Self,,,,S,1 Round,
Alarm,1min,,,R,30ft,,,,VSM,8hrs,
Animal Friendship,A,,,,30ft,,,,VSM,24hrs,
Beast Bond,A,,,,Touch,,,,VSM,"Concentration up to 1 minute",
Cure Wounds,A,,,,Touch,,,,VS,Instant,
Detect Magic,A,,,R,Self,,,,VS,"Concentration up to 10 min",
Detect Poison and Disease,A,,,R,Self,,,,VSM,"Concentration up to 10 min",
Ensnaring Strike,BA,,,,Self,,,,V,"Concentration up to 1 minute",
Entangle,A,,,,90ft,,,,VS,"Concentration up to 1 minute",
Fog Cloud,A,,,,120ft,,,,VS,"Concentration up to 1 hour",
Goodberry,A,,,,Touch,,,,VSM,Instant,
Hail of Thorns,BA,,,,Self,,,,V,"Concentration up to 1 minute",
Jump,A,,,,Touch,,,,VSM,1 minute,
Longstrider,A,,,,Touch,,,,VSM,1 hour,
Searing Smite,BA,,,,Self,,,,V,"Concentration up to 1 minute",
Snare,1min,,,,Touch,,,,VSM,Untill Dispelled or triggered,
Speak with Animals,A,,,R,Self,,,,VS,10 Min,
Sudden Awakening,BA,,,,10ft,,,,V,Instant,
Wild Cunning,A,,,R,120ft,,,,VS,Instant,
Zephyr Strike,BA,,,,Self,,,,V,"Concentration up to 1 minute",
,,,,,,,,,,,
,,,,,,,,,,,
2nd Level Druid,,,,,,,,,,,
Blindness/Deafness,1 action,,,,120 ft,,,,V,1 Minute,Lorem IpsumLorem IpsumLorem IpsumLorem IpsumLorem IpsumLorem IpsumLorem IpsumLorem IpsumLorem IpsumLorem IpsumLorem IpsumLorem IpsumLorem IpsumLorem Ipsum
Gentle Repose,,,,R,,,,,,,
Air Bubble,,,,,,,,,,,
Animal Messenger,,,,,,,,,,,
Augury,,,,,,,,,,,
Barkskin,,,,,,,,,,,
Beast Sense,,,,,,,,,,,
Continual Flame,,,,,,,,,,,
Darkvision,,,,,,,,,,,
Dust Devil,,,,,,,,,,,
Earthbind,,,,,,,,,,,
Enhance Ability,,,,,,,,,,,
Enlarge/Reduce,,,,,,,,,,,
Find Traps,,,,,,,,,,,
Flame Blade,,,,,,,,,,,
Flaming Sphere,,,,,,,,,,,
Gust of Wind,,,,,,,,,,,
Healing Spirit,,,,,,,,,,,
Heat Metal,,,,,,,,,,,
Hold Person,,,,,,,,,,,
Lesser Restoration,,,,,,,,,,,
Locate Animals or Plants,,,,,,,,,,,
Locate Object,,,,,,,,,,,
Moonbeam,,,,,,,,,,,
Pass Without Trace,,,,,,,,,,,
Protection from Poison,,,,,,,,,,,
Skywrite,,,,,,,,,,,
Spike Growth,,,,,,,,,,,
Summon Beast,,,,,,,,,,,
Warding Wind,,,,,,,,,,,
Wither and Bloom,,,,,,,,,,,
,,,,,,,,,,,
2nd Level Ranger,,,,,,,,,,,
Web,1 action,,,,60ft,,,,"V, S, M","Concentration up to 1 hour",
Aid,,,,,,,,,,,
Air Bubble,,,,,,,,,,,
Animal Messenger,,,,,,,,,,,
Barkskin,,,,,,,,,,,
Beast Sense,,,,,,,,,,,
Cordon of Arrows,,,,,,,,,,,
Darkvision,,,,,,,,,,,
Enhance Ability,,,,,,,,,,,
Find Traps,,,,,,,,,,,
Gust of Wind,,,,,,,,,,,
Healing Spirit,,,,,,,,,,,
Lesser Restoration,,,,,,,,,,,
Locate Animals or Plants,,,,,,,,,,,
Locate Object,,,,,,,,,,,
Magic Weapon,,,,,,,,,,,
Pass Without Trace,,,,,,,,,,,
Protection from Poison,,,,,,,,,,,
Silence,,,,,,,,,,,
Spike Growth,,,,,,,,,,,
Summon Beast,,,,,,,,,,,
,,,,,,,,,,,
3rd Level,,,,,,,,,,,
Animate Dead,Reaction,,,, Self,,,,S,1 Round,Lorem IpsumLorem IpsumLorem IpsumLorem IpsumLorem IpsumLorem IpsumLorem IpsumLorem IpsumLorem IpsumLorem IpsumLorem IpsumLorem IpsumLorem IpsumLorem Ipsum
Gaseous Form,,,,,,,,,,,
Aura of Vitality,,,,,,,,,,,
Call Lightning,,,,,,,,,,,
Conjure Animals,,,,,,,,,,,
Daylight,,,,,,,,,,,
Dispel Magic,,,,,,,,,,,
Elemental Weapon,,,,,,,,,,,
Erupting Earth,,,,,,,,,,,
Feign Death,,,,,,,,,,,
Flame Arrows,,,,,,,,,,,
Meld into Stone,,,,,,,,,,,
Plant Growth,,,,,,,,,,,
Protection from Energy,,,,,,,,,,,
Revivify,,,,,,,,,,,
Sleet Storm,,,,,,,,,,,
Speak with Plants,,,,,,,,,,,
Summon Fey,,,,,,,,,,,
Tidal Wave,,,,,,,,,,,
Wall of Water,,,,,,,,,,,
Water Breathing,,,,,,,,,,,
Water Walk,,,,,,,,,,,
Wind Wall,,,,,,,,,,,
,,,,,,,,,,,
4th Level,,,,,,,,,,,
